{
	"partitions" : [
		{
			"name" : "Top",
			"pins" : [
				{
					"name" : "SRAM_ADDR[0]",
					"strict" : false
				},
				{
					"name" : "SRAM_ADDR[1]",
					"strict" : false
				},
				{
					"name" : "SRAM_ADDR[2]",
					"strict" : false
				},
				{
					"name" : "SRAM_ADDR[3]",
					"strict" : false
				},
				{
					"name" : "SRAM_ADDR[4]",
					"strict" : false
				},
				{
					"name" : "SRAM_ADDR[5]",
					"strict" : false
				},
				{
					"name" : "SRAM_ADDR[6]",
					"strict" : false
				},
				{
					"name" : "SRAM_ADDR[7]",
					"strict" : false
				},
				{
					"name" : "SRAM_ADDR[8]",
					"strict" : false
				},
				{
					"name" : "SRAM_ADDR[9]",
					"strict" : false
				},
				{
					"name" : "SRAM_ADDR[10]",
					"strict" : false
				},
				{
					"name" : "SRAM_ADDR[11]",
					"strict" : false
				},
				{
					"name" : "SRAM_ADDR[12]",
					"strict" : false
				},
				{
					"name" : "SRAM_ADDR[13]",
					"strict" : false
				},
				{
					"name" : "SRAM_ADDR[14]",
					"strict" : false
				},
				{
					"name" : "SRAM_ADDR[15]",
					"strict" : false
				},
				{
					"name" : "SRAM_ADDR[16]",
					"strict" : false
				},
				{
					"name" : "SRAM_ADDR[17]",
					"strict" : false
				},
				{
					"name" : "SRAM_ADDR[18]",
					"strict" : false
				},
				{
					"name" : "SRAM_ADDR[19]",
					"strict" : false
				},
				{
					"name" : "SRAM_CE_N",
					"strict" : false
				},
				{
					"name" : "SRAM_WE_N",
					"strict" : false
				},
				{
					"name" : "SRAM_OE_N",
					"strict" : false
				},
				{
					"name" : "SRAM_UB_N",
					"strict" : false
				},
				{
					"name" : "SRAM_LB_N",
					"strict" : false
				},
				{
					"name" : "VGA_HS",
					"strict" : false
				},
				{
					"name" : "VGA_VS",
					"strict" : false
				},
				{
					"name" : "VGA_BLANK_N",
					"strict" : false
				},
				{
					"name" : "VGA_R[0]",
					"strict" : false
				},
				{
					"name" : "VGA_R[1]",
					"strict" : false
				},
				{
					"name" : "VGA_R[2]",
					"strict" : false
				},
				{
					"name" : "VGA_R[3]",
					"strict" : false
				},
				{
					"name" : "VGA_R[4]",
					"strict" : false
				},
				{
					"name" : "VGA_R[5]",
					"strict" : false
				},
				{
					"name" : "VGA_R[6]",
					"strict" : false
				},
				{
					"name" : "VGA_R[7]",
					"strict" : false
				},
				{
					"name" : "VGA_G[0]",
					"strict" : false
				},
				{
					"name" : "VGA_G[1]",
					"strict" : false
				},
				{
					"name" : "VGA_G[2]",
					"strict" : false
				},
				{
					"name" : "VGA_G[3]",
					"strict" : false
				},
				{
					"name" : "VGA_G[4]",
					"strict" : false
				},
				{
					"name" : "VGA_G[5]",
					"strict" : false
				},
				{
					"name" : "VGA_G[6]",
					"strict" : false
				},
				{
					"name" : "VGA_G[7]",
					"strict" : false
				},
				{
					"name" : "VGA_B[0]",
					"strict" : false
				},
				{
					"name" : "VGA_B[1]",
					"strict" : false
				},
				{
					"name" : "VGA_B[2]",
					"strict" : false
				},
				{
					"name" : "VGA_B[3]",
					"strict" : false
				},
				{
					"name" : "VGA_B[4]",
					"strict" : false
				},
				{
					"name" : "VGA_B[5]",
					"strict" : false
				},
				{
					"name" : "VGA_B[6]",
					"strict" : false
				},
				{
					"name" : "VGA_B[7]",
					"strict" : false
				},
				{
					"name" : "I2C_SCLK",
					"strict" : false
				},
				{
					"name" : "SRAM_DQ[0]",
					"strict" : false
				},
				{
					"name" : "SRAM_DQ[1]",
					"strict" : false
				},
				{
					"name" : "SRAM_DQ[2]",
					"strict" : false
				},
				{
					"name" : "SRAM_DQ[3]",
					"strict" : false
				},
				{
					"name" : "SRAM_DQ[4]",
					"strict" : false
				},
				{
					"name" : "SRAM_DQ[5]",
					"strict" : false
				},
				{
					"name" : "SRAM_DQ[6]",
					"strict" : false
				},
				{
					"name" : "SRAM_DQ[7]",
					"strict" : false
				},
				{
					"name" : "SRAM_DQ[8]",
					"strict" : false
				},
				{
					"name" : "SRAM_DQ[9]",
					"strict" : false
				},
				{
					"name" : "SRAM_DQ[10]",
					"strict" : false
				},
				{
					"name" : "SRAM_DQ[11]",
					"strict" : false
				},
				{
					"name" : "SRAM_DQ[12]",
					"strict" : false
				},
				{
					"name" : "SRAM_DQ[13]",
					"strict" : false
				},
				{
					"name" : "SRAM_DQ[14]",
					"strict" : false
				},
				{
					"name" : "SRAM_DQ[15]",
					"strict" : false
				},
				{
					"name" : "I2C_SDAT",
					"strict" : false
				},
				{
					"name" : "KEY[0]",
					"strict" : false
				},
				{
					"name" : "TD_CLK27",
					"strict" : false
				},
				{
					"name" : "TD_DATA[6]",
					"strict" : false
				},
				{
					"name" : "TD_DATA[5]",
					"strict" : false
				},
				{
					"name" : "TD_DATA[1]",
					"strict" : false
				},
				{
					"name" : "TD_DATA[4]",
					"strict" : false
				},
				{
					"name" : "TD_DATA[0]",
					"strict" : false
				},
				{
					"name" : "TD_DATA[3]",
					"strict" : false
				},
				{
					"name" : "TD_DATA[2]",
					"strict" : false
				},
				{
					"name" : "TD_DATA[7]",
					"strict" : false
				},
				{
					"name" : "altera_reserved_tms",
					"strict" : false
				},
				{
					"name" : "altera_reserved_tck",
					"strict" : false
				},
				{
					"name" : "altera_reserved_tdi",
					"strict" : false
				},
				{
					"name" : "altera_reserved_tdo",
					"strict" : false
				}
			]
		}
	]
}