<?xml version="1.0" encoding="UTF-8"?>
<preferences>
 <debug showDebugMenu="0" />
 <systemtable filter="All Interfaces">
  <columns>
   <connections preferredWidth="399" />
   <irq preferredWidth="34" />
   <description preferredWidth="339" />
   <name preferredWidth="183" />
   <inputclock preferredWidth="194" />
  </columns>
 </systemtable>
 <library
   expandedCategories="Library,Library/University Program,Library/University Program/Audio &amp; Video,Library/DSP,Project,Library/DSP/Video and Image Processing,Library/University Program/Audio &amp; Video/Video" />
 <window width="1920" height="1020" x="0" y="0" />
 <clocktable>
  <columns>
   <clockname preferredWidth="363" />
   <clocksource preferredWidth="363" />
   <frequency preferredWidth="344" />
  </columns>
 </clocktable>
</preferences>
